Shipment ID,Placa,Data auditoria,ID da rota,Estado,Rep auditoria
DEMO-AM1-001,DEMO-A,15/01/2026 08:00:00,A01_AM1 | DEMO-ROTA-A,Faltante,Operador A
DEMO-AM1-002,DEMO-A,15/01/2026 08:05:00,A01_AM1 | DEMO-ROTA-A,Faltante,Operador A
DEMO-AM1-003,DEMO-B,15/01/2026 08:10:00,B02_AM1 | DEMO-ROTA-B,A mais,Operador B
DEMO-AM1-004,DEMO-B,15/01/2026 08:15:00,B02_AM1 | DEMO-ROTA-B,Correto,Operador B
DEMO-AM1-005,DEMO-A,15/01/2026 08:20:00,A01_AM1 | DEMO-ROTA-A,Correto,Operador A
DEMO-AM1-001,DEMO-A,15/01/2026 09:00:00,A01_AM1 | DEMO-ROTA-A,Correto,Operador A
DEMO-AM1-006,DEMO-C,15/01/2026 14:00:00,C03_PM1 | DEMO-ROTA-C,Faltante,Operador C
DEMO-AM1-007,DEMO-A,16/01/2026 08:00:00,A01_AM1 | DEMO-ROTA-A,Faltante,Operador A
DEMO-AM1-008,DEMO-A,16/01/2026 08:05:00,A01_AM1 | DEMO-ROTA-A,A mais,Operador A
DEMO-AM1-009,DEMO-B,16/01/2026 08:10:00,B02_AM1 | DEMO-ROTA-B,Correto,Operador B
